{
  "version": "2020.2",
  "applications": [],
  "platforms": [
    {
      "name": "Hello_World_wrapper"
    }
  ],
  "systems": [
    {
      "name": "hello_world_system",
      "platform": "C:/Users/Andi/workspace/Hello_World_wrapper/export/Hello_World_wrapper/Hello_World_wrapper.xpfm",
      "sysConfig": "Hello_World_wrapper",
      "buildConfig": "Debug",
      "applications": [
        {
          "name": "hello_world",
          "platform": "C:/Users/Andi/workspace/Hello_World_wrapper/export/Hello_World_wrapper/Hello_World_wrapper.xpfm",
          "platformPath": "C:\\Users\\Andi\\workspace\\Hello_World_wrapper\\export\\Hello_World_wrapper",
          "sysConfig": "Hello_World_wrapper",
          "domain": "standalone_microblaze_0",
          "system": "hello_world_system"
        }
      ],
      "platformPath": "C:\\Users\\Andi\\workspace\\Hello_World_wrapper\\export\\Hello_World_wrapper"
    }
  ],
  "others": []
}